{"test/test/Leaf_pearson":0.12215777486562729,"test/test_loss":1.2194895631491893,"_runtime":32.74598887,"train/train_loss":0.5423777797639279,"train/val/Leaf_pearson":0.08109882473945618,"_wandb":{"runtime":32},"train/val/Fruit_pearson":0.029844261705875397,"_timestamp":1.7829324559638565e+09,"_step":119,"test/test/Fruit_pearson":0.1248021349310875,"train/val_loss":1.8658813472654}