{"train/val/Fruit_pearson":0.13665929436683655,"test/test/Fruit_pearson":0.061859119683504105,"_wandb":{"runtime":6},"train/val/Leaf_pearson":0.11837073415517807,"test/test/Leaf_pearson":0.14534848928451538,"_step":17,"_timestamp":1.7828404222165735e+09,"_runtime":6.381738875,"train/train_loss":0.3926671843090811,"test/test_loss":1.0565755180861234,"train/val_loss":1.1170769177499364}