{"train/val/Fruit_pearson":0.05075481906533241,"_wandb":{"runtime":5},"test/test_loss":1.0197941681593081,"test/test/Fruit_pearson":0.12717938423156738,"test/test/Leaf_pearson":0.22731250524520874,"_step":14,"_runtime":5.984190198,"train/val/Leaf_pearson":0.07215636223554611,"_timestamp":1.782831680175765e+09,"train/train_loss":0.43946646831252356,"train/val_loss":1.3039597456446166}