{"train/val/Fruit_pearson":-0.0908203199505806,"train/val/Leaf_pearson":-0.08958902209997177,"train/val_loss":1.330919773852239,"_wandb":{"runtime":9},"_runtime":9.204574647,"_timestamp":1.7829308369095793e+09,"_step":24,"test/test/Leaf_pearson":0.05821360647678375,"test/test/Fruit_pearson":0.031068991869688034,"train/train_loss":1.1487332733549662,"test/test_loss":1.2055669679563232}