{"_wandb":{"runtime":19},"test/test/MG_pearson":0.0944642424583435,"_runtime":19.028769708,"test/test/Br_pearson":0.11667250841856003,"train/val/Leaf_pearson":0.054300807416439056,"train/val/RR_pearson":0.04144842550158501,"train/train_loss":0.9965231947857758,"_step":15,"train/val/Br_pearson":0.01837863400578499,"_timestamp":1.7828296476135848e+09,"test/test/Leaf_pearson":0.15474781394004822,"test/test/RR_pearson":0.09646918624639511,"train/val_loss":1.9386925375506905,"test/test_loss":1.7484739314635287,"train/val/MG_pearson":0.030326321721076965}