{"train/val/Fruit_pearson":0.031092336401343346,"_step":19,"test/test/Fruit_pearson":0.10069393366575241,"_runtime":21.654190364,"train/val/Leaf_pearson":0.0813988745212555,"test/test/Leaf_pearson":0.1436108946800232,"train/val_loss":1.3504418545081966,"train/train_loss":0.6759733138419592,"test/test_loss":1.222128914216909,"_wandb":{"runtime":21},"_timestamp":1.782938293658966e+09}