{
  "Solyc12g094385-P9": {
    "Leaf": 0.121495775,
    "Fruit": -0.429024503
  },
  "Solyc01g096320-P7": {
    "Leaf": -1.530125528,
    "Fruit": -0.908192228
  },
  "Solyc06g076320-P4": {
    "Leaf": 0.483472781,
    "Fruit": -0.013856296
  },
  "Solyc04g017670-P3": {
    "Leaf": -0.605315728,
    "Fruit": -0.359063669
  },
  "Solyc12g010110-P7": {
    "Leaf": 0.805662083,
    "Fruit": -0.993328113
  },
  "Solyc07g054860-P9": {
    "Leaf": -0.011245741,
    "Fruit": -1.645046769
  },
  "Solyc07g008620-P3": {
    "Leaf": -1.353129687,
    "Fruit": 0.268784827
  },
  "Solyc02g077790-P8": {
    "Leaf": 0.014757954,
    "Fruit": 0.219313241
  },
  "Solyc04g079640-P5": {
    "Leaf": -0.069289162,
    "Fruit": -0.091215998
  },
  "Solyc04g076050-P3": {
    "Leaf": -1.56351914,
    "Fruit": -0.666581535
  },
  "Solyc03g025950-P5": {
    "Leaf": -0.63178997,
    "Fruit": -1.204967149
  },
  "Solyc12g010400-P8": {
    "Leaf": 0.006723891,
    "Fruit": -0.151860984
  },
  "Solyc05g009350-P6": {
    "Leaf": -0.134063493,
    "Fruit": 0.26471054
  },
  "Solyc08g015940-P10": {
    "Leaf": -0.987618549,
    "Fruit": 0.159373653
  },
  "Solyc07g052470-P2": {
    "Leaf": -1.052913437,
    "Fruit": -2.398032107
  },
  "Solyc06g071750-P8": {
    "Leaf": -1.985098158,
    "Fruit": -1.013965882
  },
  "Solyc01g104500-P5": {
    "Leaf": -0.028974285,
    "Fruit": -1.113093646
  }
}