{"test/test/MG_spearman":0.0462847262830755,"_step":16,"test/test/MG_pearson":0.05368354916572571,"test/test/RR_spearman":0.11905807920870122,"_wandb":{"runtime":18},"train/val/Br_spearman":0.024586427633061445,"train/val/RR_spearman":0.027273451012401802,"train/val/Leaf_spearman":0.009232336323816676,"test/test_loss":1.7574010374002935,"train/val/MG_spearman":-0.02766367284505778,"test/test/RR_pearson":0.11800092458724976,"test/test/Br_spearman":0.1351766727972342,"test/test/Leaf_pearson":0.10287116467952728,"_runtime":18.694466694,"train/train_loss":0.9752023079303116,"train/val/RR_pearson":0.046795736998319626,"train/val_loss":1.9889474209723816,"test/test/Br_pearson":0.144954651594162,"train/val/Br_pearson":0.014347562566399574,"test/test/Leaf_spearman":0.07346292634526737,"train/val/MG_pearson":-0.04619068652391434,"train/val/Leaf_pearson":-0.008081112056970596,"_timestamp":1.7827624142864258e+09}