{"train/val/MG_pearson":-0.05896938592195511,"test/test/MG_pearson":0.06479749828577042,"train/val/RR_pearson":0.01833813451230526,"_runtime":12.748820306,"train/val/Leaf_pearson":-0.063734270632267,"test/test/Leaf_pearson":0.16978801786899567,"_wandb":{"runtime":12},"_timestamp":1.7827634646089306e+09,"test/test/Br_pearson":0.09479659795761108,"test/test/RR_pearson":0.05777515470981598,"train/val/Br_pearson":0.008785232901573181,"train/train_loss":1.0098295163211404,"test/test_loss":1.789476118492804,"train/val_loss":1.9359478610550043,"_step":10}