{"_step":22,"_runtime":25.766670987,"train/val_loss":1.980866526922799,"test/test/Br_pearson":0.2159244865179062,"test/test_loss":1.787226610662394,"train/val/MG_pearson":-0.026560073718428612,"train/val/RR_pearson":0.04151696339249611,"_wandb":{"runtime":25},"test/test/MG_pearson":0.16549968719482422,"train/train_loss":0.9067023876692434,"test/test/RR_pearson":0.11504890024662018,"_timestamp":1.7827680374693584e+09,"test/test/Leaf_pearson":0.1352701634168625,"train/val/Br_pearson":0.08075971901416779,"train/val/Leaf_pearson":-0.05071796104311943}