{"train/val_loss":1.9307243665361586,"_runtime":15.308393169,"test/test/MG_pearson":0.047817908227443695,"test/test/RR_pearson":0.014367720112204552,"train/val/RR_pearson":0.04070977494120598,"_step":12,"_wandb":{"runtime":15},"train/val/Br_pearson":0.0834452211856842,"_timestamp":1.7827679336768725e+09,"test/test/Leaf_pearson":0.10647822916507721,"train/train_loss":1.011399560867806,"test/test/Br_pearson":0.07080888003110886,"train/val/Leaf_pearson":0.07155273854732513,"test/test_loss":1.7658352538885758,"train/val/MG_pearson":-0.02840186469256878}