{"train/train_loss":0.9349163109855094,"test/test_loss":1.8046950152481844,"test/test/Leaf_pearson":0.17258217930793762,"test/test/Br_pearson":0.12905144691467285,"_wandb":{"runtime":16},"test/test/MG_pearson":0.09812118113040924,"_timestamp":1.782769133861298e+09,"train/val/MG_pearson":-0.1175614446401596,"_step":13,"train/val/Leaf_pearson":0.04402708262205124,"train/val/RR_pearson":0.06835990399122238,"train/val_loss":1.9488355578578471,"train/val/Br_pearson":0.05499156937003136,"test/test/RR_pearson":0.04128393158316612,"_runtime":16.383511227}