{"_runtime":18.537440894,"train/val/MG_pearson":-0.1388591080904007,"_wandb":{"runtime":18},"test/test/Leaf_pearson":0.11827000230550766,"train/train_loss":1.2147637054464286,"test/test/RR_pearson":0.11701077222824097,"_step":15,"_timestamp":1.7827676816543577e+09,"test/test/MG_pearson":0.06341306120157242,"test/test/Br_pearson":0.14609235525131226,"test/test_loss":1.747503884510644,"train/val/Br_pearson":-0.028615687042474747,"train/val/RR_pearson":-0.03841734677553177,"train/val/Leaf_pearson":0.002878873609006405,"train/val_loss":1.966899836924593}