{"_wandb":{"runtime":13},"train/train_loss":0.7528388812888774,"train/val_loss":1.112575012935351,"test/test/Fruit_pearson":0.08074343204498291,"train/val/Fruit_pearson":0.1890314370393753,"train/val/Leaf_pearson":0.19820880889892578,"_timestamp":1.7829407888158503e+09,"_step":10,"test/test_loss":1.2178937040391515,"_runtime":13.877593137,"test/test/Leaf_pearson":0.14639021456241608}