{"test/test/Fruit_pearson":0.04319508746266365,"_wandb":{"runtime":13},"_runtime":13.186787439,"_step":12,"train/train_loss":1.0844955691455043,"train/val_loss":1.1449393142848254,"test/test_loss":1.2338056114853406,"train/val/Leaf_pearson":-0.012832480482757092,"test/test/Leaf_pearson":-0.02721891738474369,"_timestamp":1.7830140066436312e+09,"train/val/Fruit_pearson":-0.05667437985539436}