{"test/test/Fruit_pearson":0.011753310449421406,"_wandb":{"runtime":15},"_timestamp":1.7830139314157495e+09,"test/test/Leaf_pearson":0.072024405002594,"train/val/Fruit_pearson":0.013180959038436413,"_runtime":15.014299595,"_step":11,"train/val/Leaf_pearson":-0.008828099817037582,"train/val_loss":1.1454137731088352,"train/train_loss":1.083394711354754,"test/test_loss":1.2296537043618374}