{"train/val/Leaf_pearson":0.08486934751272202,"train/val/Fruit_pearson":0.0652439221739769,"test/test/Leaf_pearson":0.07192942500114441,"_step":111,"test/test_loss":1.2761596240133906,"_wandb":{"runtime":22},"test/test/Fruit_pearson":0.08900707960128784,"train/train_loss":0.5664434738805075,"_runtime":22.99301656,"_timestamp":1.782932366161136e+09,"train/val_loss":1.3983377257331473}