{"test/test_loss":1.7733714129473712,"_timestamp":1.7827698401785293e+09,"train/val/Leaf_pearson":0.012463634833693504,"test/test/MG_pearson":0.02435871958732605,"test/test/Br_pearson":0.04399368166923523,"train/val/MG_pearson":-0.08668926358222961,"_wandb":{"runtime":18},"train/val/RR_pearson":-0.05815373733639717,"train/val_loss":1.94099149323235,"_runtime":18.223779371,"test/test/Leaf_pearson":0.025734977796673775,"train/train_loss":1.2411587007086853,"_step":15,"test/test/RR_pearson":0.06921976059675217,"train/val/Br_pearson":-0.004962817300111055}