{"train/train_loss":0.4718404073877907,"test/test/Leaf_pearson":0.18048623204231262,"_runtime":4.991973623,"train/val/Leaf_pearson":0.08344518393278122,"train/val_loss":1.0779563100611578,"test/test/Fruit_pearson":0.02132357843220234,"test/test_loss":1.0251220226778415,"_wandb":{"runtime":4},"train/val/Fruit_pearson":0.13054625689983368,"_timestamp":1.7828410270106575e+09,"_step":12}