{"train/val_loss":1.1717324929150272,"test/test/Fruit_pearson":0.1560279279947281,"_step":13,"test/test/Leaf_pearson":0.25592994689941406,"train/val/Fruit_pearson":0.14982227981090546,"train/train_loss":0.6978013142376942,"train/val/Leaf_pearson":0.20911389589309692,"_wandb":{"runtime":12},"test/test_loss":1.2074187055962984,"_timestamp":1.7830176172417471e+09,"_runtime":12.635274249}