{"train/val_loss":1.1449192005749707,"test/test/Fruit_pearson":0.15191157162189484,"_runtime":32.686993467,"train/val/Leaf_pearson":0.20392651855945587,"test/test/Leaf_pearson":0.18054652214050293,"_wandb":{"runtime":32},"_timestamp":1.782940631046155e+09,"_step":27,"train/train_loss":0.5116278333782969,"test/test_loss":1.218359929616334,"train/val/Fruit_pearson":0.20668746531009674}