{"train/val/MG_pearson":-0.1222253367304802,"_wandb":{"runtime":17},"test/test/RR_pearson":0.11950644105672836,"train/val_loss":2.010011021175312,"train/val/Leaf_pearson":-0.07314427942037582,"_timestamp":1.7827690748181431e+09,"_step":14,"train/train_loss":1.0371418725485089,"test/test/Leaf_pearson":0.1461823731660843,"_runtime":17.314088719,"test/test/Br_pearson":0.16957679390907288,"train/val/Br_pearson":0.002429231768473983,"train/val/RR_pearson":-0.04321001097559929,"test/test_loss":1.7470099935200223,"test/test/MG_pearson":0.08326474577188492}