{"test/test_loss":1.2157832051886888,"test/test/Fruit_pearson":0.23417676985263824,"train/train_loss":0.5317094090984246,"test/test/Leaf_pearson":0.1813611090183258,"_runtime":15.402926352,"_wandb":{"runtime":15},"train/val_loss":1.1723444230480282,"train/val/Leaf_pearson":0.15133698284626007,"_timestamp":1.783017669750813e+09,"train/val/Fruit_pearson":0.1689545214176178,"_step":22}