{"test/test/Fruit_pearson":0.03683667257428169,"test/test_loss":0.9936573292002265,"_wandb":{"runtime":4},"_timestamp":1.7829201517970195e+09,"test/test/Leaf_pearson":0.17873015999794006,"train/val/Fruit_pearson":0.1532093584537506,"_step":12,"train/val_loss":1.0387285537407047,"train/val/Leaf_pearson":0.20569677650928497,"train/train_loss":0.43612534292481875,"_runtime":4.4438863}