{"train/train_loss":0.8750050360007968,"_timestamp":1.7828302867498183e+09,"_wandb":{"runtime":5},"_runtime":5.9311177619999995,"test/test/RR_pearson":0.043254394084215164,"train/val/Br_pearson":0.08311206102371216,"train/val_loss":1.9112421795442531,"train/val/Leaf_pearson":0.025842225179076195,"train/val/MG_pearson":-0.02614743635058403,"test/test/Br_pearson":0.12308281660079956,"train/val/RR_pearson":0.06561650335788727,"test/test/Leaf_pearson":0.11694090813398361,"test/test/MG_pearson":0.0837823748588562,"_step":14,"test/test_loss":1.794066639940711}