{"train/train_loss":0.49000460641882004,"test/test/Leaf_pearson":0.19596438109874725,"_timestamp":1.7829304717662084e+09,"test/test/Fruit_pearson":0.10031453520059586,"_wandb":{"runtime":8},"_step":18,"_runtime":8.114560618,"train/val/Leaf_pearson":0.08518608659505844,"train/val_loss":1.2928440609916312,"train/val/Fruit_pearson":0.11206367611885071,"test/test_loss":1.2019904454549153}