{"test/test/Leaf_pearson":0.08439751714468002,"test/test/Fruit_pearson":-0.01401637215167284,"train/val_loss":1.1393589889077835,"_step":13,"train/train_loss":1.073901157027504,"train/val/Fruit_pearson":0.11908867210149765,"_runtime":17.573470255,"train/val/Leaf_pearson":0.023573866114020348,"_wandb":{"runtime":17},"_timestamp":1.7830141937376163e+09,"test/test_loss":1.2300508843093623}