{"test/test/Br_pearson":0.19314974546432495,"train/val/Leaf_pearson":0.03777707368135452,"train/val_loss":1.8737272849101076,"_step":17,"train/val/MG_pearson":0.05457057058811188,"train/val/RR_pearson":0.11566270142793655,"_timestamp":1.7828285943822167e+09,"test/test/Leaf_pearson":0.13585315644741058,"train/train_loss":1.0954509774221024,"test/test_loss":1.7456319129605091,"_runtime":20.695674115,"test/test/RR_pearson":0.09473275393247604,"_wandb":{"runtime":20},"train/val/Br_pearson":0.07532436400651932,"test/test/MG_pearson":0.08813219517469406}