{"train/train_loss":0.3773718621102994,"_wandb":{"runtime":5},"test/test/Leaf_pearson":0.2178664654493332,"_runtime":5.406251975,"train/val_loss":1.2353472106810306,"train/val/Fruit_pearson":-0.002513995859771967,"test/test/Fruit_pearson":0.15663973987102509,"_step":14,"train/val/Leaf_pearson":-0.019366323947906494,"_timestamp":1.782831595651367e+09,"test/test_loss":1.011680012964374}