{"_runtime":19.269868013,"train/val/Leaf_pearson":0.05751814320683479,"train/val_loss":1.3756716173203265,"_step":15,"train/val/Fruit_pearson":0.06256722658872604,"_timestamp":1.7829381752993746e+09,"test/test/Leaf_pearson":0.15304529666900635,"train/train_loss":0.519063060928333,"_wandb":{"runtime":19},"test/test_loss":1.178823830414211,"test/test/Fruit_pearson":0.10223930329084396}