{"test/test/Leaf_pearson":0.12231362611055374,"train/val/Leaf_pearson":0.17906640470027924,"test/test_loss":1.3269023350727411,"_runtime":11.103997277,"train/val_loss":1.3210038493891232,"_timestamp":1.7829306488727286e+09,"test/test/Fruit_pearson":0.05369851365685463,"_step":30,"_wandb":{"runtime":11},"train/train_loss":0.36251303186595224,"train/val/Fruit_pearson":0.12831875681877136}