{"train/val/Fruit_pearson":-0.06912226974964142,"_step":24,"_runtime":9.315297836,"train/val/Leaf_pearson":-0.06640321016311646,"train/train_loss":1.1779368515195694,"_wandb":{"runtime":9},"train/val_loss":1.317101746308999,"test/test/Fruit_pearson":0.1376320868730545,"_timestamp":1.7829308655417275e+09,"test/test/Leaf_pearson":0.14143915474414825,"test/test_loss":1.1834557331148}