{"_runtime":23.959013237,"train/train_loss":0.49078295371946923,"_step":20,"test/test/Leaf_pearson":0.1434493064880371,"_timestamp":1.7830053956007423e+09,"test/test/Fruit_pearson":0.14091861248016357,"train/val/Leaf_pearson":0.1990509033203125,"train/val/Fruit_pearson":0.17014838755130768,"test/test_loss":1.2680314212548929,"train/val_loss":1.127889472872155,"_wandb":{"runtime":23}}