{"test/test/Leaf_pearson":0.15924172103405,"test/test/RR_pearson":0.09946729987859726,"test/test_loss":1.751916841190294,"train/val/Leaf_pearson":-0.04486686736345291,"test/test/Br_pearson":0.13425731658935547,"_runtime":15.509518788,"_step":12,"_timestamp":1.7827700906334686e+09,"train/val_loss":1.9327229560554708,"train/val/RR_pearson":0.06664051115512848,"train/val/MG_pearson":0.02507868967950344,"_wandb":{"runtime":15},"train/val/Br_pearson":0.01495039276778698,"train/train_loss":0.9921667436945526,"test/test/MG_pearson":0.13250206410884857}