{"_step":97,"train/val_loss":1.3892416074627736,"_wandb":{"runtime":30},"test/test/Fruit_pearson":0.11362209171056747,"train/val/Fruit_pearson":0.05935673788189888,"test/test/Leaf_pearson":0.12909291684627533,"train/val/Leaf_pearson":0.05780267342925072,"train/train_loss":0.6151197056332388,"test/test_loss":1.1805644849690882,"_runtime":30.094516524,"_timestamp":1.7829325757994728e+09}