{"train/val_loss":1.913839641179422,"_timestamp":1.7828288729729726e+09,"_wandb":{"runtime":17},"test/test/Leaf_pearson":0.10119380801916122,"train/val/MG_pearson":-0.07645183056592941,"train/train_loss":1.2587583052576399,"train/val/RR_pearson":0.04299202188849449,"_runtime":17.2899317,"test/test/RR_pearson":0.0584060475230217,"test/test/Br_pearson":0.12126085162162781,"test/test/MG_pearson":0.09963952749967575,"_step":14,"test/test_loss":1.7919355561834505,"train/val/Leaf_pearson":-0.058430664241313934,"train/val/Br_pearson":0.022401144728064537}