{"_step":12,"train/val_loss":1.2130956363971117,"train/val/Fruit_pearson":0.06707850098609924,"test/test/Leaf_pearson":0.07692215591669083,"_timestamp":1.7830181612062502e+09,"test/test/Fruit_pearson":0.06901068985462189,"_wandb":{"runtime":15},"_runtime":15.799165220999999,"train/train_loss":0.784606518564283,"train/val/Leaf_pearson":0.1360780894756317,"test/test_loss":1.2220636528046405}