{"test/test/RR_pearson":0.08429117500782013,"_runtime":6.057832123,"train/train_loss":0.8638276895011854,"_timestamp":1.7828304471774278e+09,"train/val/RR_pearson":0.015162346884608269,"train/val/Br_pearson":0.027441879734396935,"train/val/Leaf_pearson":0.06740481406450272,"_step":13,"test/test/MG_pearson":0.12991175055503845,"_wandb":{"runtime":6},"train/val_loss":2.0010674203756644,"test/test/Br_pearson":0.16048558056354523,"test/test/Leaf_pearson":0.19530922174453735,"train/val/MG_pearson":-0.11249133944511414,"test/test_loss":1.7612113160976572}