{"train/val_loss":1.0633349565208936,"test/test_loss":0.9957565851662875,"_runtime":3.862099169,"_timestamp":1.7829200856555471e+09,"train/val/Fruit_pearson":0.12469591200351715,"train/train_loss":0.4064689239610336,"test/test/Leaf_pearson":0.15174522995948792,"_wandb":{"runtime":3},"_step":12,"train/val/Leaf_pearson":0.17384254932403564,"test/test/Fruit_pearson":0.0453597716987133}