{"test/test/Leaf_pearson":0.13892501592636108,"_wandb":{"runtime":27},"_step":22,"train/train_loss":0.4848478144941992,"train/val/Fruit_pearson":0.2186284065246582,"_runtime":27.617633302,"train/val/Leaf_pearson":0.25150394439697266,"test/test/Fruit_pearson":0.160942941904068,"test/test_loss":1.2646251741002819,"_timestamp":1.7830050982806916e+09,"train/val_loss":1.1109309386989297}