{"train/val/Fruit_pearson":0.1251419484615326,"_step":19,"train/train_loss":0.8229724044002221,"test/test/Fruit_pearson":0.02064281329512596,"train/val/Leaf_pearson":0.15534941852092743,"_runtime":16.733467271,"_wandb":{"runtime":16},"train/val_loss":1.2936333046584834,"_timestamp":1.782938078906671e+09,"test/test_loss":1.1987309056054418,"test/test/Leaf_pearson":0.08661262691020966}