{"_wandb":{"runtime":7},"_timestamp":1.7830180995891848e+09,"train/val_loss":1.22872614371972,"train/val/Leaf_pearson":0.12333831191062927,"test/test_loss":1.2317655868217594,"train/val/Fruit_pearson":0.08696389943361282,"train/train_loss":0.7050653502681662,"test/test/Fruit_pearson":0.08861954510211945,"_step":14,"_runtime":7.617904353,"test/test/Leaf_pearson":0.08006087690591812}