{"train/val/Fruit_pearson":0.011347672902047634,"train/train_loss":1.0844691710851546,"test/test/Fruit_pearson":0.04500126838684082,"test/test/Leaf_pearson":-0.011703714728355408,"_runtime":8.842496341,"test/test_loss":1.2293495741046843,"_wandb":{"runtime":8},"_timestamp":1.7830160540592287e+09,"_step":15,"train/val_loss":1.1448694697525947,"train/val/Leaf_pearson":-0.04649800434708595}