{"_runtime":5.170534021,"train/val_loss":1.0854510088435938,"train/val/Fruit_pearson":0.062617227435112,"train/train_loss":0.44119115324433855,"_timestamp":1.7829203028373818e+09,"test/test_loss":0.9895231628123625,"_wandb":{"runtime":5},"train/val/Leaf_pearson":0.08970394730567932,"_step":12,"test/test/Fruit_pearson":0.05541117861866951,"test/test/Leaf_pearson":0.13031937181949615}