{"_step":17,"test/test/Leaf_pearson":0.13491657376289368,"test/test_loss":1.2065796363549155,"_wandb":{"runtime":22},"_runtime":22.055599853,"train/train_loss":0.5315500833150764,"test/test/Fruit_pearson":0.12760749459266663,"_timestamp":1.7830054663504386e+09,"train/val_loss":1.1468421776000768,"train/val/Leaf_pearson":0.20622676610946655,"train/val/Fruit_pearson":0.15584099292755127}