{"train/val/Leaf_pearson":0.07042929530143738,"train/val/Fruit_pearson":0.19741077721118927,"_step":15,"train/val_loss":1.1221045348197902,"test/test_loss":1.2240514276457615,"_runtime":15.584796085,"_timestamp":1.7830146289525208e+09,"test/test/Leaf_pearson":0.10746397078037262,"test/test/Fruit_pearson":0.04218723624944687,"train/train_loss":1.05679822608534,"_wandb":{"runtime":15}}