{"test/test_loss":1.0184635203561665,"train/train_loss":0.3449249286539069,"train/val/Fruit_pearson":0.1533241719007492,"test/test/Leaf_pearson":0.14947345852851868,"train/val_loss":1.0827913499269328,"_wandb":{"runtime":9},"_timestamp":1.7829201976622255e+09,"_runtime":9.350718974,"_step":34,"train/val/Leaf_pearson":0.19841186702251434,"test/test/Fruit_pearson":0.06646005064249039}