{"_runtime":17.530317699,"train/train_loss":1.0808503573549864,"train/val/Leaf_pearson":0.007000596262514591,"_step":13,"test/test_loss":1.2356144854279816,"train/val_loss":1.1458922763393349,"test/test/Fruit_pearson":-0.07791705429553986,"train/val/Fruit_pearson":0.016249872744083405,"_timestamp":1.7830140513842573e+09,"test/test/Leaf_pearson":-0.03528253361582756,"_wandb":{"runtime":17}}