{"train/val/RR_pearson":0.041497666388750076,"_wandb":{"runtime":15},"train/train_loss":0.9839800681564626,"test/test/Leaf_pearson":0.08806285262107849,"_runtime":15.363014603,"test/test_loss":1.7849298434828238,"test/test/RR_pearson":0.04986109584569931,"test/test/MG_pearson":0.12037324905395508,"train/val/MG_pearson":-0.04920649901032448,"_step":12,"train/val/Leaf_pearson":-0.02752179279923439,"train/val_loss":1.9487576384961378,"train/val/Br_pearson":0.005619965493679047,"test/test/Br_pearson":0.14706027507781982,"_timestamp":1.7828292112896874e+09}