{"test/test/Leaf_pearson":-0.008977476507425308,"_wandb":{"runtime":9},"train/train_loss":0.3660216317567047,"train/val/Fruit_pearson":0.16181087493896484,"train/val/Leaf_pearson":0.14192360639572144,"_timestamp":1.7828404909768157e+09,"_step":27,"test/test/Fruit_pearson":0.018680749461054802,"_runtime":9.573803646,"train/val_loss":1.186704333688392,"test/test_loss":1.1586078005563085}