{"_step":14,"train/val/Leaf_pearson":-0.02624213509261608,"_timestamp":1.7828301624784865e+09,"test/test/RR_pearson":0.12118063122034073,"test/test_loss":1.7399269761265934,"_runtime":6.183594267,"train/val/Br_pearson":0.02284201607108116,"train/val_loss":1.944926553352704,"_wandb":{"runtime":6},"train/val/MG_pearson":-0.06360004097223282,"test/test/Br_pearson":0.19128401577472687,"train/val/RR_pearson":0.006580091547220945,"train/train_loss":0.8560183009632951,"test/test/MG_pearson":0.08919274806976318,"test/test/Leaf_pearson":0.17712518572807312}