{"test/test/RR_pearson":0.08040119707584381,"_wandb":{"runtime":47},"train/val/Leaf_pearson":0.07583896070718765,"train/val/RR_pearson":0.04610375687479973,"_step":19,"test/test/Leaf_pearson":0.05625582113862038,"test/test/Br_pearson":0.07801356166601181,"train/train_loss":1.1018361964301284,"_runtime":47.693248078,"train/val/MG_pearson":0.02784004993736744,"test/test_loss":1.8057179165622903,"train/val/Br_pearson":0.09781190007925034,"_timestamp":1.7827699653778398e+09,"train/val_loss":1.9426016599053213,"test/test/MG_pearson":0.04981975257396698}