{"_timestamp":1.7827695484649534e+09,"_runtime":19.568681244,"train/val/MG_pearson":-0.10422007739543915,"test/test_loss":1.7083658895897589,"train/train_loss":1.060331617029483,"_wandb":{"runtime":19},"_step":16,"train/val/Br_pearson":0.0027717456687241793,"test/test/Leaf_pearson":0.13822539150714874,"test/test/MG_pearson":0.13975678384304047,"test/test/Br_pearson":0.20749367773532867,"train/val/Leaf_pearson":-0.006459088996052742,"test/test/RR_pearson":0.19287477433681488,"train/val_loss":1.9929636113997196,"train/val/RR_pearson":-0.03544909879565239}