{"_timestamp":1.7828405345054507e+09,"test/test_loss":1.1076833946714677,"_runtime":7.098888281,"train/train_loss":0.4007883061501477,"_wandb":{"runtime":7},"train/val/Fruit_pearson":0.15136511623859406,"_step":19,"test/test/Fruit_pearson":0.020617155358195305,"train/val/Leaf_pearson":0.19358748197555542,"train/val_loss":1.1362079616452827,"test/test/Leaf_pearson":0.031365107744932175}