{"_runtime":6.344132002,"train/val_loss":1.25349980104165,"test/test/Fruit_pearson":0.005882202181965113,"_timestamp":1.7829306039326296e+09,"train/val/Fruit_pearson":0.1620148867368698,"_step":20,"_wandb":{"runtime":6},"train/val/Leaf_pearson":0.10673318803310394,"test/test_loss":1.2869156653007852,"train/train_loss":0.4510721767511412,"test/test/Leaf_pearson":0.1545013189315796}