{"test/test/RR_pearson":0.06556115299463272,"test/test_loss":1.7744477798579743,"test/test/Leaf_pearson":0.19188924133777618,"_timestamp":1.7827681586338756e+09,"train/val/RR_pearson":-0.012021809816360474,"test/test/Br_pearson":0.15956957638263702,"test/test/MG_pearson":0.07243679463863373,"_step":13,"_runtime":15.971833434,"train/val/Leaf_pearson":-0.009353241883218288,"train/val_loss":1.9213272763749039,"train/val/MG_pearson":-0.08443745225667953,"train/train_loss":1.1158455478858549,"train/val/Br_pearson":0.012677549384534359,"_wandb":{"runtime":15}}