{"train/val_loss":1.2998613607688028,"test/test/Leaf_pearson":0.0984213799238205,"_runtime":17.24442375,"train/val/Leaf_pearson":0.1719798445701599,"test/test/Fruit_pearson":-0.019211970269680023,"train/val/Fruit_pearson":0.13619859516620636,"train/train_loss":0.34974332582712053,"_timestamp":1.7829306858922503e+09,"_step":49,"test/test_loss":1.3219769172707703,"_wandb":{"runtime":17}}