{"train/val/MG_spearman":-0.03530404476485428,"_step":12,"test/test/Leaf_spearman":0.09783805596891039,"test/test/Br_spearman":0.074157391044314,"train/val_loss":1.9003922087158087,"test/test/RR_pearson":0.06552477180957794,"train/val/Leaf_spearman":0.005136984607039963,"train/val/MG_pearson":-0.03533163666725159,"train/val/RR_pearson":0.048051606863737106,"train/val/RR_spearman":0.0358079696867101,"_wandb":{"runtime":14},"_timestamp":1.7827631355457962e+09,"_runtime":14.641305606,"test/test_loss":1.7654978814732614,"test/test/MG_pearson":0.1596752554178238,"test/test/Leaf_pearson":0.11784061044454575,"test/test/MG_spearman":0.09026019383138069,"train/val/Br_spearman":0.07203310115868228,"train/val/Leaf_pearson":-0.009923282079398632,"test/test/Br_pearson":0.0702970027923584,"train/train_loss":1.1356631442670913,"train/val/Br_pearson":0.0548134446144104,"test/test/RR_spearman":0.057528461280428635}