{"train/train_loss":0.9805338815586445,"_runtime":16.526794943,"train/val/RR_pearson":-0.01189285796135664,"train/val_loss":1.9240023604817265,"test/test_loss":1.8299504118076162,"train/val/MG_pearson":-0.09197144210338593,"test/test/MG_pearson":0.06250770390033722,"_wandb":{"runtime":16},"_step":13,"train/val/Br_pearson":0.039588987827301025,"_timestamp":1.782828963129681e+09,"train/val/Leaf_pearson":-0.057652547955513,"test/test/Leaf_pearson":0.11230630427598953,"test/test/RR_pearson":0.03594774007797241,"test/test/Br_pearson":0.12245141714811325}