{"train/val/Br_pearson":-0.016566557809710503,"test/test_loss":1.805441715542414,"test/test/Leaf_pearson":0.09920410066843033,"_runtime":17.556077092,"test/test/MG_pearson":0.13832566142082214,"_step":14,"train/val_loss":2.0313186409808837,"train/val/Leaf_pearson":0.05340069532394409,"_wandb":{"runtime":17},"train/val/MG_pearson":-0.0756583884358406,"train/val/RR_pearson":0.05057914927601814,"test/test/Br_pearson":0.1345198154449463,"train/train_loss":1.0382150921079183,"test/test/RR_pearson":0.07633066922426224,"_timestamp":1.7827689810925236e+09}