{"_runtime":17.733826983,"train/train_loss":0.7501624801810027,"_step":14,"test/test/Fruit_pearson":0.050424546003341675,"train/val/Leaf_pearson":0.09738412499427795,"_wandb":{"runtime":17},"test/test_loss":1.2211124897003174,"test/test/Leaf_pearson":0.09959344565868378,"train/val_loss":1.227557332300749,"train/val/Fruit_pearson":0.08735435456037521,"_timestamp":1.7830180770076416e+09}