{"train/train_loss":0.8632999529036359,"train/val/MG_pearson":-0.04846588149666786,"_runtime":6.060709747,"train/val_loss":1.8665245775940753,"train/val/RR_pearson":0.11726854741573334,"train/val/Br_pearson":0.10673423856496811,"test/test/MG_pearson":0.08683115243911743,"test/test/Br_pearson":0.1098925918340683,"_timestamp":1.7828303856023633e+09,"_wandb":{"runtime":6},"test/test_loss":1.807081769332002,"test/test/RR_pearson":0.033451829105615616,"test/test/Leaf_pearson":0.15592141449451447,"_step":14,"train/val/Leaf_pearson":0.05730447918176651}