{"train/val/Leaf_pearson":0.05741832032799721,"train/val/MG_spearman":-0.06253867942263756,"test/test_loss":1.7679213326870244,"_step":13,"train/val/Leaf_spearman":0.03181231710193832,"test/test/MG_spearman":-0.07269538687535261,"train/val/RR_spearman":-0.011687310022713032,"epoch":12,"train/val/RR_pearson":-0.012355871498584747,"test/test/Br_pearson":0.11481519043445587,"train/val/Br_pearson":0.023958928883075714,"_timestamp":1.7827622195123515e+09,"train/val/Br_spearman":0.046563506769155556,"train/val_loss":1.9509335225979185,"_wandb":{"runtime":14},"test/test/Leaf_pearson":0.18972568213939667,"test/test/Leaf_spearman":0.16028220636711782,"test/test/MG_pearson":-0.09025850147008896,"_runtime":14,"test/test/RR_pearson":0.06497731804847717,"test/test/RR_spearman":0.05258901433747641,"train/train_loss":1.140076885465046,"train/val/MG_pearson":-0.10070248693227768,"test/test/Br_spearman":0.10717108378059925}