{"train/val_loss":1.9169258133086868,"test/test/Br_pearson":0.1044931709766388,"test/test_loss":1.7870394437929837,"test/test/MG_pearson":0.0971892699599266,"test/test/RR_pearson":0.11676109582185745,"_runtime":13.525170697,"_step":11,"_timestamp":1.7827633110960271e+09,"train/val/Leaf_pearson":0.06837049126625061,"_wandb":{"runtime":13},"train/train_loss":1.0246638821957628,"train/val/Br_pearson":0.04037061706185341,"train/val/MG_pearson":0.01630926877260208,"test/test/Leaf_pearson":0.08010678738355637,"train/val/RR_pearson":0.07812055945396423}