{"train/train_loss":0.7526873367816376,"test/test_loss":1.2245687598087749,"test/test/Fruit_pearson":0.026554470881819725,"_timestamp":1.7830163496921062e+09,"_step":10,"_runtime":14.414254619,"train/val/Leaf_pearson":0.172691211104393,"train/val/Fruit_pearson":0.1458204835653305,"_wandb":{"runtime":14},"train/val_loss":1.136918773525926,"test/test/Leaf_pearson":0.14790262281894684}