{"test/test_loss":1.2069735527038574,"train/val/Fruit_pearson":0.10463537275791168,"test/test/Leaf_pearson":0.21468257904052734,"_step":24,"_wandb":{"runtime":29},"_runtime":29.864238372,"train/val_loss":1.1572192380689594,"train/train_loss":0.7388271630505167,"train/val/Leaf_pearson":0.16322211921215057,"_timestamp":1.7829405702146113e+09,"test/test/Fruit_pearson":0.20240312814712524}